"Series Description","Total consumer credit owned and securitized, seasonally adjusted flow, monthly rate","Revolving consumer credit owned and securitized, seasonally adjusted flow, monthly rate","Nonrevolving consumer credit owned and securitized, seasonally adjusted flow, monthly rate","Total consumer credit owned and securitized, not seasonally adjusted flow, monthly rate","Total securitized consumer credit, not seasonally adjusted flow, monthly rate","Total consumer credit owned and securitized by depository institutions, not seasonally adjusted flow, monthly rate","Total consumer credit owned by depository institutions, not seasonally adjusted flow, monthly rate","Total consumer credit owned by commercial banks, not seasonally adjusted flow, monthly rate (discontinued after February 2011)","Total consumer credit owned by savings institutions, not seasonally adjusted flow, monthly rate (discontinued after February 2011)","Total consumer credit securitized by depository institutions, not seasonally adjusted flow, monthly rate","Total consumer credit owned and securitized by finance companies, not seasonally adjusted flow, monthly rate","Total consumer credit owned by finance companies, not seasonally adjusted flow, monthly rate","Total consumer credit securitized by finance companies, not seasonally adjusted flow, monthly rate","Total consumer credit owned by credit unions, not seasonally adjusted flow, monthly rate","Total consumer credit owned by federal government, not seasonally adjusted flow, monthly rate","Total consumer credit owned by nonprofit and educational institutions, not seasonally adjusted flow, monthly rate","Total consumer credit owned and securitized by nonfinancial business, not seasonally adjusted flow, monthly rate","Total consumer credit owned by nonfinancial business, not seasonally adjusted flow, monthly rate","Total consumer credit securitized by nonfinancial business, not seasonally adjusted flow, monthly rate","Revolving consumer credit owned and securitized, not seasonally adjusted flow, monthly rate","Revolving securitized consumer credit, not seasonally adjusted flow, monthly rate","Revolving consumer credit owned and securitized by depository institutions, not seasonally adjusted flow, monthly rate","Revolving consumer credit owned by depository institutions, not seasonally adjusted flow, monthly rate","Revolving consumer credit owned by commercial banks, not seasonally adjusted flow, monthly rate (discontinued after February 2011)","Revolving consumer credit owned by savings institutions, not seasonally adjusted flow, monthly rate (discontinued after February 2011)","Revolving consumer credit securitized by depository institutions, not seasonally adjusted flow, monthly rate","Revolving consumer credit owned and securitized by finance companies, not seasonally adjusted flow, monthly rate","Revolving consumer credit owned by finance companies, not seasonally adjusted flow, monthly rate","Revolving consumer credit securitized by finance companies, not seasonally adjusted flow, monthly rate","Revolving consumer credit owned by credit unions, not seasonally adjusted flow, monthly rate","Revolving consumer credit owned and securitized by nonfinancial business, not seasonally adjusted flow, monthly rate","Revolving consumer credit owned by nonfinancial business, not seasonally adjusted flow, monthly rate","Revolving consumer credit securitized by nonfinancial business, not seasonally adjusted flow, monthly rate","Nonrevolving consumer credit owned and securitized, not seasonally adjusted flow, monthly rate","Nonrevolving securitized consumer credit, not seasonally adjusted flow, monthly rate","Nonrevolving consumer credit owned and securitized by depository institutions, not seasonally adjusted flow, monthly rate","Nonrevolving consumer credit owned by depository institutions, not seasonally adjusted flow, monthly rate","Nonrevolving consumer credit owned by commercial banks, not seasonally adjusted flow, monthly rate (discontinued after February 2011)","Nonrevolving consumer credit owned by savings institutions, not seasonally adjusted flow, monthly rate (discontinued after February 2011)","Nonrevolving consumer credit securitized by depository institutions, not seasonally adjusted flow, monthly rate","Nonrevolving consumer credit owned and securitized by finance companies, not seasonally adjusted flow, monthly rate","Nonrevolving consumer credit owned by finance companies, not seasonally adjusted flow, monthly rate","Nonrevolving consumer credit securitized by finance companies, not seasonally adjusted flow, monthly rate","Nonrevolving consumer credit owned by credit unions, not seasonally adjusted flow, monthly rate","Nonrevolving consumer credit owned by federal government, not seasonally adjusted flow, monthly rate","Nonrevolving consumer credit owned by nonprofit and educational institutions, not seasonally adjusted flow, monthly rate","Nonrevolving consumer credit owned and securitized by nonfinancial business, not seasonally adjusted flow, monthly rate","Nonrevolving consumer credit owned by nonfinancial business, not seasonally adjusted flow, monthly rate","Nonrevolving consumer credit securitized by nonfinancial business, not seasonally adjusted flow, monthly rate","Student loans owned and securitized, not seasonally adjusted flow, monthly rate","Motor vehicle loans owned and securitized, not seasonally adjusted flow, monthly rate"
"Unit:","Currency","Currency","Currency","Currency","Currency","Currency","Currency","Currency","Currency","Currency","Currency","Currency","Currency","Currency","Currency","Currency","Currency","Currency","Currency","Currency","Currency","Currency","Currency","Currency","Currency","Currency","Currency","Currency","Currency","Currency","Currency","Currency","Currency","Currency","Currency","Currency","Currency","Currency","Currency","Currency","Currency","Currency","Currency","Currency","Currency","Currency","Currency","Currency","Currency","Currency","Currency"
"Multiplier:","1000000","1000000","1000000","1000000","1000000","1000000","1000000","1000000","1000000","1000000","1000000","1000000","1000000","1000000","1000000","1000000","1000000","1000000","1000000","1000000","1000000","1000000","1000000","1000000","1000000","1000000","1000000","1000000","1000000","1000000","1000000","1000000","1000000","1000000","1000000","1000000","1000000","1000000","1000000","1000000","1000000","1000000","1000000","1000000","1000000","1000000","1000000","1000000","1000000","1000000","1000000"
"Currency:","USD","USD","USD","USD","USD","USD","USD","USD","USD","NA","USD","USD","USD","USD","USD","USD","USD","USD","NA","USD","USD","USD","USD","USD","USD","USD","USD","USD","USD","USD","NA","USD","NA","USD","USD","NA","USD","USD","USD","USD","NA","USD","NA","USD","USD","USD","NA","USD","NA","USD","USD"
"Unique Identifier: ","G19/CCOUT/DTCTL_XDF_BA.M","G19/CCOUT/DTCTLR_XDF_BA.M","G19/CCOUT/DTCTLN_XDF_BA.M","G19/CCOUT/DTCTL_XDF_BA_N.M","G19/CCOUT/DTCNL_XDF_BA_N.M","G19/CCOUT/DTCTLHD_XDF_BA_N.M","G19/CCOUT/DTCOLHD_XDF_BA_N.M","G19/CCOUT/H0.DTCOLHDB_XDF_BA_N.M","G19/CCOUT/H0.DTCOLHDS_XDF_BA_N.M","G19/CCOUT/DTCNLHD_XDF_BA_N.M","G19/CCOUT/DTCTLHF_XDF_BA_N.M","G19/CCOUT/DTCOLHF_XDF_BA_N.M","G19/CCOUT/DTCNLHF_XDF_BA_N.M","G19/CCOUT/DTCOLHC_XDF_BA_N.M","G19/CCOUT/DTCOLHG_XDF_BA_N.M","G19/CCOUT/DTCOLHE_XDF_BA_N.M","G19/CCOUT/DTCTLHN_XDF_BA_N.M","G19/CCOUT/DTCOLHN_XDF_BA_N.M","G19/CCOUT/DTCNLHN_XDF_BA_N.M","G19/CCOUT/DTCTLR_XDF_BA_N.M","G19/CCOUT/DTCNLR_XDF_BA_N.M","G19/CCOUT/DTCTLRHD_XDF_BA_N.M","G19/CCOUT/DTCOLRHD_XDF_BA_N.M","G19/CCOUT/H0.DTCOLRHDB_XDF_BA_N.M","G19/CCOUT/H0.DTCOLRHDS_XDF_BA_N.M","G19/CCOUT/DTCNLRHD_XDF_BA_N.M","G19/CCOUT/DTCTLRHF_XDF_BA_N.M","G19/CCOUT/DTCOLRHF_XDF_BA_N.M","G19/CCOUT/DTCNLRHF_XDF_BA_N.M","G19/CCOUT/DTCOLRHC_XDF_BA_N.M","G19/CCOUT/DTCTLRHN_XDF_BA_N.M","G19/CCOUT/DTCOLRHN_XDF_BA_N.M","G19/CCOUT/DTCNLRHN_XDF_BA_N.M","G19/CCOUT/DTCTLN_XDF_BA_N.M","G19/CCOUT/DTCNLN_XDF_BA_N.M","G19/CCOUT/DTCTLNHD_XDF_BA_N.M","G19/CCOUT/DTCOLNHD_XDF_BA_N.M","G19/CCOUT/H0.DTCOLNHDB_XDF_BA_N.M","G19/CCOUT/H0.DTCOLNHDS_XDF_BA_N.M","G19/CCOUT/DTCNLNHD_XDF_BA_N.M","G19/CCOUT/DTCTLNHF_XDF_BA_N.M","G19/CCOUT/DTCOLNHF_XDF_BA_N.M","G19/CCOUT/DTCNLNHF_XDF_BA_N.M","G19/CCOUT/DTCOLNHC_XDF_BA_N.M","G19/CCOUT/DTCOLNHG_XDF_BA_N.M","G19/CCOUT/DTCOLNHE_XDF_BA_N.M","G19/CCOUT/DTCTLNHN_XDF_BA_N.M","G19/CCOUT/DTCOLNHN_XDF_BA_N.M","G19/CCOUT/DTCNLNHN_XDF_BA_N.M","G19/CCOUT/DTCTLNS_XDF_BA_N.M","G19/CCOUT/DTCTLNV_XDF_BA_N.M"
"Time Period","DTCTL_XDF_BA.M","DTCTLR_XDF_BA.M","DTCTLN_XDF_BA.M","DTCTL_XDF_BA_N.M","DTCNL_XDF_BA_N.M","DTCTLHD_XDF_BA_N.M","DTCOLHD_XDF_BA_N.M","H0.DTCOLHDB_XDF_BA_N.M","H0.DTCOLHDS_XDF_BA_N.M","DTCNLHD_XDF_BA_N.M","DTCTLHF_XDF_BA_N.M","DTCOLHF_XDF_BA_N.M","DTCNLHF_XDF_BA_N.M","DTCOLHC_XDF_BA_N.M","DTCOLHG_XDF_BA_N.M","DTCOLHE_XDF_BA_N.M","DTCTLHN_XDF_BA_N.M","DTCOLHN_XDF_BA_N.M","DTCNLHN_XDF_BA_N.M","DTCTLR_XDF_BA_N.M","DTCNLR_XDF_BA_N.M","DTCTLRHD_XDF_BA_N.M","DTCOLRHD_XDF_BA_N.M","H0.DTCOLRHDB_XDF_BA_N.M","H0.DTCOLRHDS_XDF_BA_N.M","DTCNLRHD_XDF_BA_N.M","DTCTLRHF_XDF_BA_N.M","DTCOLRHF_XDF_BA_N.M","DTCNLRHF_XDF_BA_N.M","DTCOLRHC_XDF_BA_N.M","DTCTLRHN_XDF_BA_N.M","DTCOLRHN_XDF_BA_N.M","DTCNLRHN_XDF_BA_N.M","DTCTLN_XDF_BA_N.M","DTCNLN_XDF_BA_N.M","DTCTLNHD_XDF_BA_N.M","DTCOLNHD_XDF_BA_N.M","H0.DTCOLNHDB_XDF_BA_N.M","H0.DTCOLNHDS_XDF_BA_N.M","DTCNLNHD_XDF_BA_N.M","DTCTLNHF_XDF_BA_N.M","DTCOLNHF_XDF_BA_N.M","DTCNLNHF_XDF_BA_N.M","DTCOLNHC_XDF_BA_N.M","DTCOLNHG_XDF_BA_N.M","DTCOLNHE_XDF_BA_N.M","DTCTLNHN_XDF_BA_N.M","DTCOLNHN_XDF_BA_N.M","DTCNLNHN_XDF_BA_N.M","DTCTLNS_XDF_BA_N.M","DTCTLNV_XDF_BA_N.M"
2013-01,18700.05,4813.82,13886.23,13810.62,340.60,-12148.62,-12622.66,,,474.03,-3728.87,-3595.44,-133.43,2718.65,28421.68,-820.76,-631.46,-631.46,0.00,-17630.77,767.17,-14958.54,-15725.71,,,767.17,-2447.04,-2447.04,0.00,513.00,-738.18,-738.18,0.00,31441.39,-426.57,2809.92,3103.05,,,-293.14,-1281.83,-1148.40,-133.43,2205.65,28421.68,-820.76,106.73,106.73,0.00,ND,ND
2013-02,21910.47,5611.79,16298.69,-8093.31,-563.01,-11982.92,-11538.65,,,-444.28,-4382.76,-4264.02,-118.74,1857.67,7667.64,-541.35,-711.60,-711.60,0.00,-14902.04,-251.18,-12500.51,-12249.33,,,-251.18,-1714.83,-1714.83,0.00,-83.00,-603.70,-603.70,0.00,6808.73,-311.84,517.58,710.68,,,-193.10,-2667.93,-2549.19,-118.74,1940.67,7667.64,-541.35,-107.90,-107.90,0.00,ND,ND
2013-03,9631.50,-842.81,10474.31,-4849.17,194.77,-3349.39,-3226.74,,,-122.65,-324.46,-641.88,317.42,-2674.47,6899.10,-425.81,-4974.14,-4974.14,0.00,-8166.99,-105.70,-3123.66,-3017.97,,,-105.70,-233.33,-233.33,0.00,65.00,-4875.00,-4875.00,0.00,3317.82,300.47,-225.73,-208.77,,,-16.95,-91.14,-408.56,317.42,-2739.47,6899.10,-425.81,-99.14,-99.14,0.00,12482.92,4063.89
2013-04,9627.02,-1707.40,11334.43,12908.66,-1305.39,8331.31,9450.14,,,-1118.83,-1312.13,-1125.57,-186.56,2678.70,3899.64,-676.45,-12.41,-12.41,0.00,2895.87,-1220.91,3118.15,4339.06,,,-1220.91,-336.94,-336.94,0.00,73.00,41.66,41.66,0.00,10012.78,-84.48,5213.16,5111.08,,,102.08,-975.19,-788.63,-186.56,2605.70,3899.64,-676.45,-54.07,-54.07,0.00,ND,ND
2013-05,15907.61,3895.40,12012.21,19252.68,-538.34,10240.56,10594.38,,,-353.83,3112.28,3296.80,-184.52,688.57,5786.70,-623.78,48.35,48.35,0.00,9847.24,-57.89,8431.46,8489.36,,,-57.89,1005.73,1005.73,0.00,299.00,111.04,111.04,0.00,9405.44,-480.45,1809.10,2105.03,,,-295.93,2106.55,2291.06,-184.52,389.57,5786.70,-623.78,-62.69,-62.69,0.00,ND,ND
2013-06,12254.40,-1063.15,13317.55,14258.19,35.81,3432.33,3782.50,,,-350.17,1509.92,1123.95,385.98,4233.25,5647.62,-477.29,-87.65,-87.65,0.00,574.42,-170.51,284.07,454.58,,,-170.51,-50.68,-50.68,0.00,382.00,-40.97,-40.97,0.00,13683.77,206.32,3148.26,3327.92,,,-179.66,1560.60,1174.62,385.98,3851.25,5647.62,-477.29,-46.68,-46.68,0.00,2530.98,6590.52
2013-07,13803.82,166.41,13637.42,13340.66,309.23,5662.60,5217.74,,,444.87,830.79,966.43,-135.64,2729.74,4834.28,-645.95,-70.81,-70.81,0.00,1692.21,820.63,1430.57,609.94,,,820.63,-196.49,-196.49,0.00,464.00,-5.87,-5.87,0.00,11648.45,-511.40,4232.04,4607.80,,,-375.77,1027.29,1162.93,-135.64,2265.74,4834.28,-645.95,-64.94,-64.94,0.00,ND,ND
2013-08,15542.51,1523.50,14019.01,37682.64,-1325.35,12239.68,13422.64,,,-1182.96,978.97,1121.35,-142.38,3346.14,21659.40,-678.87,137.32,137.32,0.00,6535.13,-1009.08,6002.38,7011.46,,,-1009.08,0.64,0.64,0.00,474.00,58.11,58.11,0.00,31147.51,-316.27,6237.30,6411.18,,,-173.88,978.32,1120.70,-142.38,2872.14,21659.40,-678.87,79.21,79.21,0.00,ND,ND
2013-09,15579.16,885.24,14693.92,19081.34,1346.35,1889.30,915.60,,,973.70,2156.64,1783.99,372.65,2657.35,13010.12,-502.53,-129.53,-129.53,0.00,-3040.94,-208.27,-2445.68,-2237.40,,,-208.27,-476.16,-476.16,0.00,31.00,-150.11,-150.11,0.00,22122.28,1554.62,4334.97,3153.01,,,1181.97,2632.80,2260.15,372.65,2626.35,13010.12,-502.53,20.58,20.58,0.00,11524.73,8444.71
2013-10,17555.22,3700.99,13854.23,12551.90,-363.70,6445.29,6667.87,,,-222.59,760.01,901.13,-141.11,1310.57,4506.75,-351.50,-119.22,-119.22,0.00,3212.40,-167.09,3729.26,3896.35,,,-167.09,-523.86,-523.86,0.00,47.00,-39.99,-39.99,0.00,9339.50,-196.61,2716.03,2771.52,,,-55.49,1283.87,1424.99,-141.11,1263.57,4506.75,-351.50,-79.23,-79.23,0.00,ND,ND
2013-11,12462.74,-4524.78,16987.52,13660.94,-338.31,8580.66,8773.62,,,-192.96,-1651.29,-1505.95,-145.34,662.19,6038.90,-86.16,116.65,116.65,0.00,6581.68,-107.76,5617.47,5725.23,,,-107.76,189.05,189.05,0.00,548.00,227.16,227.16,0.00,7079.26,-230.55,2963.18,3048.39,,,-85.20,-1840.34,-1695.00,-145.34,114.19,6038.90,-86.16,-110.51,-110.51,0.00,ND,ND
2013-12,14588.24,1698.96,12889.28,33957.61,1360.65,25767.36,24728.49,,,1038.87,1615.49,1293.71,321.78,1706.92,4897.70,-353.35,323.49,323.49,0.00,26559.75,1038.50,23979.91,22941.41,,,1038.50,506.98,506.98,0.00,1681.00,391.86,391.86,0.00,7397.86,322.15,1787.45,1787.08,,,0.38,1108.51,786.74,321.78,25.92,4897.70,-353.35,-68.37,-68.37,0.00,3789.93,3883.58
2014-01,20142.08,4579.16,15562.91,15012.60,680.32,-11421.93,-12251.73,,,829.80,-4350.75,-4201.27,-149.48,2303.44,29190.18,-383.53,-324.81,-324.81,0.00,-18232.45,1032.56,-14803.70,-15836.27,,,1032.56,-2348.93,-2348.93,0.00,-655.00,-424.81,-424.81,0.00,33245.05,-352.24,3381.77,3584.54,,,-202.76,-2001.81,-1852.34,-149.48,2958.44,29190.18,-383.53,100.00,100.00,0.00,ND,ND
2014-02,18698.02,4186.95,14511.07,-11492.13,-2532.52,-13237.53,-10852.16,,,-2385.36,-5352.78,-5205.63,-147.15,-5.05,7886.60,-337.52,-445.86,-445.86,0.00,-16421.74,-2149.47,-13384.99,-11235.52,,,-2149.47,-1960.91,-1960.91,0.00,-736.00,-339.85,-339.85,0.00,4929.61,-383.04,147.46,383.35,,,-235.89,-3391.87,-3244.72,-147.15,730.95,7886.60,-337.52,-106.01,-106.01,0.00,ND,ND
2014-03,17392.23,2145.43,15246.80,2853.85,2.70,-2326.03,-2032.04,,,-293.99,499.35,202.67,296.69,1305.38,3955.97,-474.83,-106.00,-106.00,0.00,-5158.22,-690.60,-5012.77,-4322.17,,,-690.60,-203.55,-203.55,0.00,65.00,-6.90,-6.90,0.00,8012.06,693.29,2686.74,2290.13,,,396.61,702.90,406.21,296.69,1240.38,3955.97,-474.83,-99.10,-99.10,0.00,12170.14,4489.84
2014-04,22951.78,6201.50,16750.28,25934.38,-1380.49,15694.75,16917.08,,,-1222.32,671.09,829.27,-158.17,5070.90,4866.86,-505.62,136.38,136.38,0.00,10428.01,-942.68,9763.72,10706.40,,,-942.68,297.79,297.79,0.00,176.00,190.50,190.50,0.00,15506.37,-437.82,5931.03,6210.67,,,-279.64,373.31,531.48,-158.17,4894.90,4866.86,-505.62,-54.12,-54.12,0.00,ND,ND
2014-05,19094.94,3004.96,16089.98,22560.32,307.47,12298.23,11839.47,,,458.76,619.64,770.93,-151.29,5089.45,4737.30,-358.62,174.33,174.33,0.00,9089.54,682.58,7641.79,6959.21,,,682.58,597.11,597.11,0.00,614.00,236.65,236.65,0.00,13470.78,-375.11,4656.44,4880.26,,,-223.82,22.53,173.82,-151.29,4475.45,4737.30,-358.62,-62.32,-62.32,0.00,ND,ND
2014-06,16894.13,509.14,16384.99,18682.03,58.15,8599.67,8904.48,,,-304.81,510.19,147.22,362.97,4150.74,5643.69,-296.20,73.94,73.94,0.00,2301.83,-163.75,3291.65,3455.40,,,-163.75,-1585.01,-1585.01,0.00,472.00,123.19,123.19,0.00,16380.20,221.90,5308.02,5449.08,,,-141.06,2095.20,1732.23,362.97,3678.74,5643.69,-296.20,-49.25,-49.25,0.00,2809.18,8619.01
2014-07,21489.39,5306.99,16182.41,20836.32,561.69,11198.16,10477.27,,,720.89,1620.90,1780.10,-159.20,4225.16,4422.57,-702.83,72.36,72.36,0.00,6464.22,684.32,6201.04,5516.72,,,684.32,-228.52,-228.52,0.00,357.00,134.70,134.70,0.00,14372.10,-122.63,4997.12,4960.55,,,36.57,1849.42,2008.62,-159.20,3868.16,4422.57,-702.83,-62.34,-62.34,0.00,ND,ND
2014-08,16540.77,1843.15,14697.62,38798.15,-928.37,10708.60,11484.00,,,-775.40,2216.88,2369.85,-152.97,5057.20,21189.89,-654.71,280.29,280.29,0.00,6960.55,-651.68,6203.44,6855.12,,,-651.68,-257.99,-257.99,0.00,809.00,206.10,206.10,0.00,31837.59,-276.69,4505.16,4628.88,,,-123.72,2474.87,2627.84,-152.97,4248.20,21189.89,-654.71,74.19,74.19,0.00,ND,ND
2014-09,15970.06,1057.47,14912.59,19327.65,3185.78,2431.07,-218.34,,,2649.41,1343.88,807.51,536.37,512.15,15609.93,-589.26,19.87,19.87,0.00,-2815.16,-174.93,-2241.83,-2066.90,,,-174.93,-607.42,-607.42,0.00,32.00,2.09,2.09,0.00,22142.80,3360.70,4672.90,1848.56,,,2824.34,1951.30,1414.93,536.37,480.15,15609.93,-589.26,17.78,17.78,0.00,11968.44,8370.80
2014-10,10634.13,2442.26,8191.87,6201.95,-252.42,-938.80,-848.74,,,-90.06,-1246.03,-1083.66,-162.37,4189.73,4166.16,5.69,25.20,25.20,0.00,2336.65,-89.88,2050.11,2139.99,,,-89.88,200.16,200.16,0.00,-16.00,102.38,102.38,0.00,3865.30,-162.54,-2988.91,-2988.73,,,-0.17,-1446.19,-1283.82,-162.37,4205.73,4166.16,5.69,-77.18,-77.18,0.00,ND,ND
2014-11,12491.55,-2679.28,15170.83,14671.34,472.12,5702.23,5062.02,,,640.21,1467.62,1635.71,-168.09,2325.64,5780.05,203.69,-807.89,-807.89,0.00,9244.20,875.15,10656.01,9780.85,,,875.15,-1152.68,-1152.68,0.00,442.00,-701.13,-701.13,0.00,5427.14,-403.03,-4953.78,-4718.83,,,-234.95,2620.30,2788.39,-168.09,1883.64,5780.05,203.69,-106.76,-106.76,0.00,ND,ND
2014-12,26772.99,4645.09,22127.90,45685.63,470.28,33432.33,33476.76,,,-44.43,7424.38,6909.68,514.71,1226.21,3282.09,-150.56,471.18,471.18,0.00,29045.39,-12.57,26186.61,26199.18,,,-12.57,465.70,465.70,0.00,1854.00,539.08,539.08,0.00,16640.24,482.85,7245.72,7277.57,,,-31.86,6958.69,6443.98,514.71,-627.79,3282.09,-150.56,-67.91,-67.91,0.00,3119.14,4220.71
2015-01,14922.22,1730.46,13191.76,9086.55,-580.11,-16437.26,-15857.14,,,-580.11,-3878.04,-3878.04,0.00,1525.47,28524.59,-266.17,-382.04,-382.04,0.00,-21797.54,-165.06,-19016.78,-18851.72,,,-165.06,-1857.05,-1857.05,0.00,-578.61,-345.11,-345.11,0.00,30884.09,-415.05,2579.52,2994.58,,,-415.06,-2020.99,-2020.99,0.00,2104.08,28524.59,-266.17,-36.93,-36.93,0.00,ND,ND
2015-02,16951.00,2137.93,14813.07,-13787.66,-347.99,-17941.37,-17593.38,,,-347.99,-2670.77,-2670.77,0.00,557.81,6962.75,-190.84,-505.23,-505.23,0.00,-18922.41,-212.28,-16154.03,-15941.75,,,-212.28,-1607.87,-1607.87,0.00,-890.51,-270.01,-270.01,0.00,5134.75,-135.71,-1787.34,-1651.63,,,-135.71,-1062.91,-1062.91,0.00,1448.31,6962.75,-190.84,-235.22,-235.22,0.00,ND,ND
2015-03,24461.60,6989.49,17472.11,9726.89,-351.65,2134.90,2486.55,,,-351.65,-87.23,-87.23,0.00,2586.64,5546.09,-302.05,-151.46,-151.46,0.00,-275.06,-229.00,-182.51,46.49,,,-229.00,-29.54,-29.54,0.00,-140.53,77.52,77.52,0.00,10001.95,-122.65,2317.41,2440.06,,,-122.65,-57.69,-57.69,0.00,2727.18,5546.09,-302.05,-228.98,-228.98,0.00,12031.16,4192.40
2015-04,21023.22,6293.37,14729.85,23676.37,103.46,16133.27,16029.80,,,103.46,824.29,824.29,0.00,4227.97,2749.72,-338.36,79.47,79.47,0.00,9995.42,-22.86,9326.89,9349.75,,,-22.86,236.38,236.38,0.00,169.28,262.87,262.87,0.00,13680.95,126.32,6806.38,6680.06,,,126.32,587.91,587.91,0.00,4058.70,2749.72,-338.36,-183.40,-183.40,0.00,ND,ND
2015-05,17198.81,2119.50,15079.31,21390.06,163.87,10527.19,10363.32,,,163.87,1819.33,1819.33,0.00,2569.19,5396.62,-209.63,1287.35,1287.35,0.00,8661.54,-17.40,5837.86,5855.26,,,-17.40,646.34,646.34,0.00,697.96,1479.38,1479.38,0.00,12728.52,181.27,4689.33,4508.06,,,181.27,1172.98,1172.98,0.00,1871.23,5396.62,-209.63,-192.03,-192.03,0.00,ND,ND
2015-06,24071.73,5985.90,18085.82,25607.81,2075.15,13092.99,11017.83,,,2075.15,1954.96,1954.96,0.00,4794.09,5934.57,-228.51,59.71,59.71,0.00,8124.55,-49.70,7807.26,7856.96,,,-49.70,-176.28,-176.28,0.00,251.93,241.64,241.64,0.00,17483.26,2124.86,5285.73,3160.87,,,2124.86,2131.25,2131.25,0.00,4542.15,5934.57,-228.51,-181.93,-181.93,0.00,2306.66,8398.37
2015-07,18507.96,4593.19,13914.78,17593.06,-809.69,9111.84,9921.54,,,-809.69,1165.73,1165.73,0.00,4671.01,2789.15,-160.74,16.06,16.06,0.00,5278.72,-635.55,5139.07,5774.63,,,-635.55,-222.54,-222.54,0.00,157.62,204.56,204.56,0.00,12314.34,-174.14,3972.77,4146.91,,,-174.14,1388.27,1388.27,0.00,4513.38,2789.15,-160.74,-188.49,-188.49,0.00,ND,ND
2015-08,14887.01,3592.54,11294.47,37459.00,-897.68,13112.58,14010.26,,,-897.68,1702.77,1702.77,0.00,3574.86,18874.73,-38.63,232.69,232.69,0.00,9035.32,-694.48,7692.25,8386.72,,,-694.48,-18.81,-18.81,0.00,1058.72,303.17,303.17,0.00,28423.68,-203.20,5420.34,5623.54,,,-203.20,1721.58,1721.58,0.00,2516.14,18874.73,-38.63,-70.47,-70.47,0.00,ND,ND
2015-09,27441.14,6554.71,20886.43,30300.65,-866.47,8708.74,9575.22,,,-866.47,4317.78,4317.78,0.00,4170.63,13520.61,-391.02,-26.09,-26.09,0.00,2679.71,-669.82,2310.85,2980.67,,,-669.82,343.61,343.61,0.00,-70.69,95.93,95.93,0.00,27620.94,-196.65,6397.90,6594.54,,,-196.65,3974.17,3974.17,0.00,4241.31,13520.61,-391.02,-122.02,-122.02,0.00,11000.50,9789.57
2015-10,16605.94,1876.01,14729.92,13080.05,-327.02,7161.79,7488.81,,,-327.02,-1315.58,-1315.58,0.00,3116.58,6265.49,-221.21,-1927.02,-1927.02,0.00,2453.75,-255.97,4447.51,4703.47,,,-255.97,-313.48,-313.48,0.00,43.68,-1723.95,-1723.95,0.00,10626.30,-71.05,2714.29,2785.34,,,-71.05,-1002.10,-1002.10,0.00,3072.90,6265.49,-221.21,-203.07,-203.07,0.00,ND,ND
2015-11,14022.61,1508.50,12514.10,17656.35,-316.47,17860.57,18177.04,,,-316.47,-3345.57,-3345.57,0.00,1252.97,1652.46,-42.10,278.03,278.03,0.00,14684.28,-247.71,14513.45,14761.16,,,-247.71,-1030.67,-1030.67,0.00,694.93,506.58,506.58,0.00,2972.07,-68.76,3347.11,3415.87,,,-68.76,-2314.90,-2314.90,0.00,558.05,1652.46,-42.10,-228.55,-228.55,0.00,ND,ND
2015-12,23392.57,7062.26,16330.31,41696.68,-325.49,34210.66,34536.15,,,-325.49,-2916.44,-2916.44,0.00,5049.89,5200.08,-294.04,446.52,446.52,0.00,30525.60,-249.95,30100.40,30350.35,,,-249.95,-1323.40,-1323.40,0.00,1106.18,642.42,642.42,0.00,11171.07,-75.53,4110.27,4185.80,,,-75.53,-1593.04,-1593.04,0.00,3943.71,5200.08,-294.04,-195.90,-195.90,0.00,2827.24,3576.58
2016-01,18744.27,4106.17,14638.09,12124.21,-273.17,-15369.26,-15096.09,,,-273.17,-3069.77,-3069.77,0.00,3184.03,28274.91,-157.46,-738.24,-738.24,0.00,-20272.25,-44.52,-18780.54,-18736.02,,,-44.52,-85.82,-85.82,0.00,-506.01,-899.88,-899.88,0.00,32396.46,-228.65,3411.29,3639.94,,,-228.65,-2983.95,-2983.95,0.00,3690.04,28274.91,-157.46,161.63,161.63,0.00,ND,ND
2016-02,17734.29,2901.63,14832.66,-13478.27,-254.11,-15581.57,-15327.46,,,-254.11,-5533.58,-5533.58,0.00,2516.48,5545.96,-56.45,-369.11,-369.11,0.00,-18584.66,-36.03,-16829.22,-16793.19,,,-36.03,-609.85,-609.85,0.00,-787.26,-358.34,-358.34,0.00,5106.40,-218.09,1247.65,1465.73,,,-218.09,-4923.73,-4923.73,0.00,3303.74,5545.96,-56.45,-10.77,-10.77,0.00,ND,ND
2016-03,28722.47,12293.03,16429.45,13395.76,-233.60,7691.90,7925.50,,,-233.60,-889.07,-889.07,0.00,885.49,6262.71,-316.98,-238.29,-238.29,0.00,4788.19,-36.56,4883.63,4920.18,,,-36.56,-189.02,-189.02,0.00,323.93,-230.35,-230.35,0.00,8607.57,-197.05,2808.27,3005.31,,,-197.05,-700.05,-700.05,0.00,561.56,6262.71,-316.98,-7.94,-7.94,0.00,12629.77,3392.16
2016-04,19104.13,3931.25,15172.88,21330.51,1030.38,12824.90,11794.53,,,1030.38,-1892.96,-1892.96,0.00,6864.25,3545.15,-205.33,194.49,194.49,0.00,7147.68,29.16,6943.35,6914.19,,,29.16,114.32,114.32,0.00,-71.06,161.07,161.07,0.00,14182.82,1001.21,5881.55,4880.34,,,1001.21,-2007.28,-2007.28,0.00,6935.32,3545.15,-205.33,33.42,33.42,0.00,ND,ND
2016-05,17894.53,3050.64,14843.89,23239.47,1104.03,15370.77,14266.74,,,1104.03,-991.48,-991.48,0.00,5246.94,3535.31,-183.74,261.67,261.67,0.00,10450.48,32.16,9948.06,9915.90,,,32.16,216.16,216.16,0.00,50.05,236.22,236.22,0.00,12788.99,1071.87,5422.71,4350.84,,,1071.87,-1207.63,-1207.63,0.00,5196.89,3535.31,-183.74,25.46,25.46,0.00,ND,ND
2016-06,18480.71,7853.85,10626.86,20010.84,1055.77,15800.52,14744.75,,,1055.77,-863.06,-863.06,0.00,806.36,4307.09,-233.57,193.51,193.51,0.00,10456.53,30.29,9160.21,9129.92,,,30.29,-133.79,-133.79,0.00,1269.54,160.56,160.56,0.00,9554.32,1025.48,6640.31,5614.83,,,1025.48,-729.27,-729.27,0.00,-463.18,4307.09,-233.57,32.95,32.95,0.00,2377.47,7319.13
2016-07,18564.65,4787.11,13777.54,17232.63,659.48,9856.94,9197.46,,,659.48,-1012.99,-1012.99,0.00,4390.08,4012.28,-139.39,125.70,125.70,0.00,4801.12,3.11,4282.50,4279.38,,,3.11,-84.56,-84.56,0.00,506.99,96.19,96.19,0.00,12431.51,656.37,5574.45,4918.07,,,656.37,-928.43,-928.43,0.00,3883.09,4012.28,-139.39,29.52,29.52,0.00,ND,ND
2016-08,21782.13,5210.68,16571.44,44576.61,646.84,17953.12,17306.27,,,646.84,4287.94,4287.94,0.00,4213.73,18034.75,-272.73,359.81,359.81,0.00,10893.10,2.29,10153.30,10151.01,,,2.29,24.64,24.64,0.00,494.63,220.53,220.53,0.00,33683.51,644.56,7799.82,7155.26,,,644.56,4263.29,4263.29,0.00,3719.09,18034.75,-272.73,139.28,139.28,0.00,ND,ND
2016-09,20766.13,4205.27,16560.86,22982.30,591.26,3217.57,2626.32,,,591.26,2353.44,2353.44,0.00,4023.49,13469.48,-191.53,109.85,109.85,0.00,260.76,-8.44,130.20,138.64,,,-8.44,-33.33,-33.33,0.00,144.54,19.35,19.35,0.00,22721.54,599.70,3087.37,2487.67,,,599.70,2386.78,2386.78,0.00,3878.95,13469.48,-191.53,90.50,90.50,0.00,11101.12,9672.66
2016-10,15773.86,1145.53,14628.34,13474.78,-71.86,5509.55,5581.41,,,-71.86,-1909.36,-1909.36,0.00,4041.44,6274.70,-598.51,156.96,156.96,0.00,2685.83,-218.21,2113.17,2331.38,,,-218.21,215.10,215.10,0.00,218.51,139.05,139.05,0.00,10788.95,146.35,3396.38,3250.03,,,146.35,-2124.46,-2124.46,0.00,3822.93,6274.70,-598.51,17.91,17.91,0.00,ND,ND
2016-11,21161.70,8350.13,12811.57,26563.58,-103.15,23444.47,23547.61,,,-103.15,-1569.54,-1569.54,0.00,3521.89,1268.05,-569.16,467.87,467.87,0.00,23068.14,-221.48,21428.87,21650.35,,,-221.48,194.71,194.71,0.00,967.21,477.35,477.35,0.00,3495.44,118.33,2015.60,1897.27,,,118.33,-1764.24,-1764.24,0.00,2554.68,1268.05,-569.16,-9.48,-9.48,0.00,ND,ND
2016-12,17483.56,4177.54,13306.02,34760.01,-26.27,27226.63,27252.91,,,-26.27,-1871.41,-1871.41,0.00,4402.17,5097.31,-677.47,582.78,582.78,0.00,26317.92,-141.70,24285.53,24427.22,,,-141.70,197.77,197.77,0.00,1271.37,563.25,563.25,0.00,8442.09,115.42,2941.10,2825.68,,,115.42,-2069.18,-2069.18,0.00,3130.79,5097.31,-677.47,19.53,19.53,0.00,2252.99,3716.59
2017-01,17100.91,2824.50,14276.41,9533.27,1265.39,-19952.62,-21218.01,,,1265.39,-1582.16,-1582.16,0.00,4364.97,27815.83,-589.39,-523.36,-523.36,0.00,-22485.01,1260.23,-21539.65,-22799.88,,,1260.23,370.45,370.45,0.00,-695.99,-619.83,-619.83,0.00,32018.29,5.16,1587.03,1581.88,,,5.16,-1952.61,-1952.61,0.00,5060.96,27815.83,-589.39,96.47,96.47,0.00,ND,ND
2017-02,16632.07,5363.81,11268.27,-14839.56,1215.47,-16329.81,-17545.28,,,1215.47,-4795.51,-4795.51,0.00,1508.67,6027.32,-644.81,-605.42,-605.42,0.00,-16377.17,1217.01,-14813.52,-16030.52,,,1217.01,-642.75,-642.75,0.00,-391.09,-529.82,-529.82,0.00,1537.61,-1.53,-1516.29,-1514.75,,,-1.53,-4152.76,-4152.76,0.00,1899.75,6027.32,-644.81,-75.60,-75.60,0.00,ND,ND
2017-03,15621.06,4812.33,10808.72,-679.42,1287.28,-4946.39,-6233.67,,,1287.28,377.91,377.91,0.00,944.87,3898.56,-657.78,-296.59,-296.59,0.00,-3313.64,1300.97,-4522.60,-5823.56,,,1300.97,1418.24,1418.24,0.00,8.75,-218.03,-218.03,0.00,2634.22,-13.69,-423.80,-410.11,,,-13.69,-1040.33,-1040.33,0.00,936.12,3898.56,-657.78,-78.56,-78.56,0.00,11675.47,1893.72
2017-04,13498.56,2064.76,11433.80,15420.47,133.84,6865.88,6732.03,,,133.84,-3472.14,-3472.14,0.00,10084.49,2435.59,-421.11,-72.23,-72.23,0.00,4769.01,375.28,4810.87,4435.60,,,375.28,-171.52,-171.52,0.00,167.11,-37.45,-37.45,0.00,10651.46,-241.43,2055.00,2296.44,,,-241.43,-3300.62,-3300.62,0.00,9917.37,2435.59,-421.11,-34.78,-34.78,0.00,ND,ND
2017-05,14043.13,4617.20,9425.93,21351.11,77.94,14526.21,14448.27,,,77.94,774.00,774.00,0.00,1543.43,4933.57,-481.07,54.96,54.96,0.00,13272.23,339.80,11776.99,11437.18,,,339.80,474.71,474.71,0.00,925.56,94.97,94.97,0.00,8078.87,-261.87,2749.22,3011.09,,,-261.87,299.28,299.28,0.00,617.87,4933.57,-481.07,-40.01,-40.01,0.00,ND,ND
2017-06,13707.64,3275.54,10432.10,15536.72,32.03,6070.77,6038.74,,,32.03,3629.46,3629.46,0.00,2466.82,3876.88,-455.70,-51.50,-51.50,0.00,6629.12,292.65,6479.91,6187.26,,,292.65,-215.66,-215.66,0.00,381.43,-16.56,-16.56,0.00,8907.60,-260.63,-409.14,-148.52,,,-260.63,3845.13,3845.13,0.00,2085.39,3876.88,-455.70,-34.94,-34.94,0.00,2107.17,4496.66
2017-07,16350.02,2509.86,13840.16,14711.77,-820.36,4692.71,5513.07,,,-820.36,-879.02,-879.02,0.00,8181.09,3593.79,-749.63,-127.18,-127.18,0.00,2199.56,-409.35,1961.10,2370.45,,,-409.35,-220.29,-220.29,0.00,549.73,-90.99,-90.99,0.00,12512.21,-411.02,2731.61,3142.62,,,-411.02,-658.73,-658.73,0.00,7631.36,3593.79,-749.63,-36.19,-36.19,0.00,ND,ND
2017-08,11811.33,4552.39,7258.94,34964.78,-863.76,14153.84,15017.59,,,-863.76,-1085.61,-1085.61,0.00,2746.66,19803.08,-781.19,128.00,128.00,0.00,10433.39,-445.54,9814.17,10259.71,,,-445.54,-237.80,-237.80,0.00,800.05,56.97,56.97,0.00,24531.39,-418.22,4339.66,4757.88,,,-418.22,-847.81,-847.81,0.00,1946.61,19803.08,-781.19,71.04,71.04,0.00,ND,ND
2017-09,15054.39,5856.57,9197.82,16768.18,-1050.89,5524.42,6575.31,,,-1050.89,-478.08,-478.08,0.00,699.77,11899.24,-751.07,-126.10,-126.10,0.00,1791.33,-645.41,1869.42,2514.83,,,-645.41,-241.98,-241.98,0.00,310.20,-146.31,-146.31,0.00,14976.86,-405.47,3655.01,4060.48,,,-405.47,-236.10,-236.10,0.00,389.57,11899.24,-751.07,20.21,20.21,0.00,10783.16,4148.62
2017-10,23869.73,8590.59,15279.15,22117.41,-9250.48,11883.02,21133.50,,,-9250.48,-385.77,-385.77,0.00,6240.91,4607.23,-191.40,-36.57,-36.57,0.00,10722.56,-8819.53,10494.63,19314.16,,,-8819.53,188.73,188.73,0.00,28.23,10.97,10.97,0.00,11394.86,-430.95,1388.39,1819.34,,,-430.95,-574.50,-574.50,0.00,6212.67,4607.23,-191.40,-47.53,-47.53,0.00,ND,ND
2017-11,22117.47,8413.18,13704.29,28992.97,-518.72,25441.33,25960.05,,,-518.72,905.14,905.14,0.00,794.26,2612.96,-171.55,-589.18,-589.18,0.00,24508.86,-100.95,23757.59,23858.54,,,-100.95,170.97,170.97,0.00,1097.45,-517.15,-517.15,0.00,4484.10,-417.77,1683.74,2101.51,,,-417.77,734.17,734.17,0.00,-303.19,2612.96,-171.55,-72.03,-72.03,0.00,ND,ND
2017-12,14509.69,3830.44,10679.25,30438.30,-634.18,22702.30,23336.49,,,-634.18,-64.74,-64.74,0.00,2995.11,4782.24,-264.78,288.16,288.16,0.00,24560.94,-194.22,22392.10,22586.32,,,-194.22,174.12,174.12,0.00,1659.50,335.23,335.23,0.00,5877.36,-439.96,310.21,750.17,,,-439.96,-238.85,-238.85,0.00,1335.61,4782.24,-264.78,-47.06,-47.06,0.00,3288.64,2677.86
2018-01,17615.55,5889.77,11725.78,8821.14,-825.52,-17616.14,-16790.62,,,-825.52,-2908.30,-2908.30,0.00,3109.79,27089.11,-515.45,-337.87,-337.87,0.00,-20668.89,-252.63,-19408.78,-19156.15,,,-252.63,-688.07,-688.07,0.00,-124.39,-447.65,-447.65,0.00,29490.02,-572.89,1792.64,2365.53,,,-572.89,-2220.23,-2220.23,0.00,3234.18,27089.11,-515.45,109.78,109.78,0.00,ND,ND
2018-02,15897.01,2009.32,13887.69,-14871.05,-397.91,-18659.38,-18261.47,,,-397.91,-3159.26,-3159.26,0.00,1482.44,6171.46,-254.14,-452.17,-452.17,0.00,-19219.97,127.00,-17546.13,-17673.13,,,127.00,-679.15,-679.15,0.00,-596.50,-398.19,-398.19,0.00,4348.92,-524.92,-1113.25,-588.33,,,-524.92,-2480.10,-2480.10,0.00,2078.94,6171.46,-254.14,-53.98,-53.98,0.00,ND,ND
2018-03,12720.22,3749.58,8970.65,-4790.89,-663.17,-3787.13,-3123.96,,,-663.17,-5110.59,-5110.59,0.00,1681.98,2792.97,-138.13,-229.98,-229.98,0.00,-5398.59,-27.46,-4469.23,-4441.76,,,-27.46,-669.26,-669.26,0.00,-93.17,-166.94,-166.94,0.00,607.70,-635.71,682.10,1317.81,,,-635.71,-4441.33,-4441.33,0.00,1775.14,2792.97,-138.13,-63.05,-63.05,0.00,11482.76,1007.73
2018-04,12413.91,835.04,11578.87,14128.20,-3413.63,5560.29,8973.92,,,-3413.63,1418.98,1418.98,0.00,5287.02,2121.39,-256.72,-2.76,-2.76,0.00,2964.14,-3251.10,3171.68,6422.79,,,-3251.10,-147.78,-147.78,0.00,-77.97,18.20,18.20,0.00,11164.06,-162.52,2388.61,2551.13,,,-162.52,1566.76,1566.76,0.00,5364.98,2121.39,-256.72,-20.96,-20.96,0.00,ND,ND
2018-05,18313.89,5058.58,13255.31,27970.59,1382.68,15661.77,14279.10,,,1382.68,1485.22,1485.22,0.00,6721.48,4248.41,-313.43,167.15,167.15,0.00,15298.19,1650.32,14238.77,12588.45,,,1650.32,-123.58,-123.58,0.00,995.49,187.52,187.52,0.00,12672.40,-267.64,1423.00,1690.65,,,-267.64,1608.80,1608.80,0.00,5725.99,4248.41,-313.43,-20.37,-20.37,0.00,ND,ND
2018-06,-2617.67,-2660.25,42.57,176.84,-6619.14,-3688.15,2930.99,,,-6619.14,-1858.28,-1858.28,0.00,2397.91,3629.61,-338.72,34.47,34.47,0.00,1787.49,1317.05,1570.84,253.79,,,1317.05,-152.18,-152.18,0.00,316.80,52.03,52.03,0.00,-1610.65,-7936.20,-5258.99,2677.20,,,-7936.20,-1706.10,-1706.10,0.00,2081.11,3629.61,-338.72,-17.55,-17.55,0.00,2470.93,2230.08
2018-07,15286.26,2731.68,12554.58,13095.79,-347.42,4224.79,4572.21,,,-347.42,1609.54,1609.54,0.00,4972.67,2670.81,-381.42,-0.60,-0.60,0.00,2068.97,-161.44,1558.13,1719.56,,,-161.44,-207.43,-207.43,0.00,699.22,19.05,19.05,0.00,11026.82,-185.98,2666.66,2852.64,,,-185.98,1816.97,1816.97,0.00,4273.45,2670.81,-381.42,-19.65,-19.65,0.00,ND,ND
2018-08,18824.02,6406.10,12417.92,41509.59,-106.31,15480.89,15587.20,,,-106.31,1814.39,1814.39,0.00,5150.41,19210.69,-375.56,228.77,228.77,0.00,11969.33,-1.21,11768.62,11769.83,,,-1.21,-217.23,-217.23,0.00,273.82,144.12,144.12,0.00,29540.25,-105.10,3712.27,3817.37,,,-105.10,2031.62,2031.62,0.00,4876.59,19210.69,-375.56,84.65,84.65,0.00,ND,ND
2018-09,12705.51,2166.25,10539.26,14173.74,-111.48,3103.05,3214.53,,,-111.48,-1980.37,-1980.37,0.00,2569.84,10856.76,-372.15,-3.40,-3.40,0.00,-1931.00,-1.17,-2124.62,-2123.45,,,-1.17,-218.18,-218.18,0.00,448.78,-36.98,-36.98,0.00,16104.74,-110.32,5227.67,5337.98,,,-110.32,-1762.18,-1762.18,0.00,2121.06,10856.76,-372.15,33.59,33.59,0.00,9975.03,5268.82
2018-10,18856.89,6786.81,12070.08,17084.90,-253.27,10933.92,11187.19,,,-253.27,1107.50,1107.50,0.00,2671.19,2646.10,-369.27,95.44,95.44,0.00,9267.45,-1.21,8657.65,8658.86,,,-1.21,111.68,111.68,0.00,371.93,126.19,126.19,0.00,7817.45,-252.07,2276.27,2528.34,,,-252.07,995.82,995.82,0.00,2299.27,2646.10,-369.27,-30.75,-30.75,0.00,ND,ND
2018-11,17105.20,3245.30,13859.90,25734.12,-253.43,18711.28,18964.71,,,-253.43,-190.67,-190.67,0.00,2769.66,4331.70,-233.30,345.44,345.44,0.00,20818.75,-1.17,19517.15,19518.31,,,-1.17,53.10,53.10,0.00,851.45,397.07,397.07,0.00,4915.36,-252.26,-805.86,-553.60,,,-252.26,-243.77,-243.77,0.00,1918.21,4331.70,-233.30,-51.62,-51.62,0.00,ND,ND
2018-12,15566.43,1119.55,14446.87,29654.26,-261.83,20707.25,20969.08,,,-261.83,830.51,830.51,0.00,3120.13,4924.12,-326.24,398.49,398.49,0.00,20381.86,-1.78,18604.06,18605.83,,,-1.78,57.86,57.86,0.00,1290.36,429.58,429.58,0.00,9272.41,-260.06,2103.19,2363.25,,,-260.06,772.65,772.65,0.00,1829.77,4924.12,-326.24,-31.09,-31.09,0.00,2073.92,2732.20
2019-01,20207.33,6825.32,13382.01,9439.09,-261.03,-15721.66,-15460.63,,,-261.03,-1075.71,-1075.71,0.00,249.29,26715.81,-311.72,-416.92,-416.92,0.00,-21332.23,-12.99,-19805.66,-19792.67,,,-12.99,-595.66,-595.66,0.00,-413.28,-517.62,-517.62,0.00,30771.32,-248.04,4084.00,4332.04,,,-248.04,-480.05,-480.05,0.00,662.57,26715.81,-311.72,100.70,100.70,0.00,ND,ND
2019-02,13555.85,2652.04,10903.81,-16079.79,-235.73,-16477.37,-16241.65,,,-235.73,-3273.31,-3273.31,0.00,-1296.35,5742.25,-265.23,-509.78,-509.78,0.00,-17938.40,-12.25,-16377.98,-16365.73,,,-12.25,-585.48,-585.48,0.00,-518.65,-456.28,-456.28,0.00,1858.61,-223.48,-99.39,124.09,,,-223.48,-2687.83,-2687.83,0.00,-777.69,5742.25,-265.23,-53.50,-53.50,0.00,ND,ND
2019-03,12233.53,646.02,11587.51,-5912.99,-258.46,-5980.13,-5721.67,,,-258.46,-631.87,-631.87,0.00,630.06,840.92,-418.73,-353.25,-353.25,0.00,-9317.05,-12.81,-8606.37,-8593.56,,,-12.81,-573.24,-573.24,0.00,148.21,-285.66,-285.66,0.00,3404.06,-245.65,2626.24,2871.89,,,-245.65,-58.63,-58.63,0.00,481.85,840.92,-418.73,-67.59,-67.59,0.00,10250.22,1519.82
2019-04,17458.81,7072.27,10386.54,19284.47,-210.84,14866.33,15077.17,,,-210.84,1259.26,1259.26,0.00,2844.33,796.40,-384.63,-97.22,-97.22,0.00,8912.48,-0.75,8363.82,8364.57,,,-0.75,610.76,610.76,0.00,8.77,-70.87,-70.87,0.00,10371.98,-210.09,6502.51,6712.60,,,-210.09,648.50,648.50,0.00,2835.56,796.40,-384.63,-26.35,-26.35,0.00,ND,ND
2019-05,13134.37,3006.71,10127.67,25166.91,-215.26,17388.14,17603.40,,,-215.26,2939.69,2939.69,0.00,21.51,5040.43,-318.98,96.13,96.13,0.00,14488.31,0.00,12686.18,12686.18,,,0.00,614.60,614.60,0.00,1072.76,114.77,114.77,0.00,10678.60,-215.26,4701.96,4917.22,,,-215.26,2325.09,2325.09,0.00,-1051.25,5040.43,-318.98,-18.65,-18.65,0.00,ND,ND
2019-06,8653.89,-4036.71,12690.60,13151.44,-206.99,6944.50,7151.48,,,-206.99,-249.46,-249.46,0.00,3782.08,2938.95,-245.70,-18.93,-18.93,0.00,1945.94,0.00,1095.30,1095.30,,,0.00,589.44,589.44,0.00,260.80,0.39,0.39,0.00,11205.50,-206.99,5849.19,6056.18,,,-206.99,-838.90,-838.90,0.00,3521.28,2938.95,-245.70,-19.32,-19.32,0.00,1879.60,5262.05
2019-07,24330.50,11295.72,13034.78,21383.55,-192.54,15733.20,15925.74,,,-192.54,1812.23,1812.23,0.00,1116.61,3057.14,-280.09,-55.53,-55.53,0.00,10607.53,0.00,9897.96,9897.96,,,0.00,-234.69,-234.69,0.00,976.30,-32.03,-32.03,0.00,10776.03,-192.54,5835.24,6027.79,,,-192.54,2046.92,2046.92,0.00,140.31,3057.14,-280.09,-23.50,-23.50,0.00,ND,ND
2019-08,14355.09,1334.04,13021.06,36357.89,-191.21,13567.27,13758.48,,,-191.21,1059.33,1059.33,0.00,3185.50,18737.47,-324.96,133.29,133.29,0.00,6756.86,0.00,6931.41,6931.41,,,0.00,-261.70,-261.70,0.00,29.64,57.51,57.51,0.00,29601.04,-191.21,6635.85,6827.07,,,-191.21,1321.03,1321.03,0.00,3155.86,18737.47,-324.96,75.78,75.78,0.00,ND,ND
2019-09,13113.67,458.76,12654.91,14302.20,-182.77,1687.91,1870.67,,,-182.77,-70.70,-70.70,0.00,2189.37,10845.75,-298.41,-51.72,-51.72,0.00,-3929.93,0.00,-4311.44,-4311.44,,,0.00,110.95,110.95,0.00,348.68,-78.11,-78.11,0.00,18232.12,-182.77,5999.35,6182.11,,,-182.77,-181.65,-181.65,0.00,1840.69,10845.75,-298.41,26.39,26.39,0.00,10613.02,5161.51
2019-10,17306.72,3255.10,14051.62,14997.72,-144.05,11218.98,11363.03,,,-144.05,259.69,259.69,0.00,566.35,3308.83,-376.34,20.21,20.21,0.00,5709.49,0.00,6223.51,6223.51,,,0.00,-501.86,-501.86,0.00,-68.03,55.87,55.87,0.00,9288.23,-144.05,4995.47,5139.52,,,-144.05,761.55,761.55,0.00,634.39,3308.83,-376.34,-35.66,-35.66,0.00,ND,ND
2019-11,1983.02,-9657.85,11640.87,12166.98,-137.20,11701.64,11838.83,,,-137.20,-314.31,-314.31,0.00,-1060.94,1862.45,-302.56,280.69,280.69,0.00,9098.10,0.00,9253.61,9253.61,,,0.00,-517.07,-517.07,0.00,28.60,332.97,332.97,0.00,3068.87,-137.20,2448.03,2585.23,,,-137.20,202.76,202.76,0.00,-1089.54,1862.45,-302.56,-52.28,-52.28,0.00,ND,ND
2019-12,28816.80,15290.14,13526.67,40892.11,-140.93,31716.33,31857.25,,,-140.93,1650.01,1650.01,0.00,4601.24,3086.60,-476.10,314.03,314.03,0.00,33140.45,0.00,31002.95,31002.95,,,0.00,-511.46,-511.46,0.00,2298.89,350.07,350.07,0.00,7751.66,-140.93,713.37,854.30,,,-140.93,2161.48,2161.48,0.00,2302.35,3086.60,-476.10,-36.04,-36.04,0.00,916.25,2901.01
2020-01,15908.16,3806.58,12101.58,2441.48,-111.99,-20041.84,-19929.86,,,-111.99,-2511.68,-2511.68,0.00,-808.34,26403.86,-219.35,-381.16,-381.16,0.00,-26289.88,0.00,-23593.34,-23593.34,,,0.00,-933.45,-933.45,0.00,-1276.34,-486.75,-486.75,0.00,28731.36,-111.99,3551.50,3663.48,,,-111.99,-1578.23,-1578.23,0.00,468.00,26403.86,-219.35,105.59,105.59,0.00,ND,ND
2020-02,13636.36,4689.18,8947.18,-14664.51,-103.97,-14300.50,-14196.53,,,-103.97,-4143.64,-4143.64,0.00,-863.89,5314.00,-251.93,-418.55,-418.55,0.00,-15246.24,0.00,-13911.51,-13911.51,,,0.00,-924.18,-924.18,0.00,-31.71,-378.84,-378.84,0.00,581.72,-103.97,-388.99,-285.03,,,-103.97,-3219.46,-3219.46,0.00,-832.18,5314.00,-251.93,-39.72,-39.72,0.00,ND,ND
2020-03,-19227.92,-23076.89,3848.97,-36833.43,-110.82,-31780.47,-31669.65,,,-110.82,-2538.25,-2538.25,0.00,-1164.95,-365.15,-674.26,-310.34,-310.34,0.00,-33139.96,0.00,-31671.18,-31671.18,,,0.00,-895.95,-895.95,0.00,-316.69,-256.13,-256.13,0.00,-3693.47,-110.82,-109.29,1.53,,,-110.82,-1642.31,-1642.31,0.00,-848.26,-365.15,-674.26,-54.21,-54.21,0.00,11362.69,-78.12
2020-04,-63555.18,-56747.39,-6807.79,-61338.10,-96.54,-56543.55,-56447.01,,,-96.54,-1942.40,-1942.40,0.00,-3669.92,1638.22,-752.64,-67.81,-67.81,0.00,-54748.10,0.00,-51598.79,-51598.79,,,0.00,-264.85,-264.85,0.00,-2832.97,-51.50,-51.50,0.00,-6590.00,-96.54,-4944.76,-4848.22,,,-96.54,-1677.56,-1677.56,0.00,-836.95,1638.22,-752.64,-16.30,-16.30,0.00,ND,ND
2020-05,-19269.13,-25086.70,5817.57,-5731.05,-99.42,-12654.69,-12555.27,,,-99.42,3731.60,3731.60,0.00,581.62,2584.40,-116.01,142.03,142.03,0.00,-13072.01,0.00,-11981.27,-11981.27,,,0.00,-281.96,-281.96,0.00,-952.02,143.23,143.23,0.00,7340.96,-99.42,-673.42,-574.00,,,-99.42,4013.56,4013.56,0.00,1533.64,2584.40,-116.01,-1.21,-1.21,0.00,ND,ND
2020-06,9507.41,-9480.98,18988.40,16558.66,-95.73,3430.55,3526.28,,,-95.73,6042.33,6042.33,0.00,6187.50,953.46,-123.78,68.60,68.60,0.00,-1555.47,0.00,-1595.93,-1595.93,,,0.00,-292.17,-292.17,0.00,258.36,74.27,74.27,0.00,18114.12,-95.73,5026.47,5122.21,,,-95.73,6334.50,6334.50,0.00,5929.14,953.46,-123.78,-5.67,-5.67,0.00,178.12,4506.20
2020-07,17070.47,-1643.04,18713.51,12915.27,-82.52,3163.65,3246.18,,,-82.52,5255.86,5255.86,0.00,3495.44,1300.15,-306.47,6.63,6.63,0.00,-2542.76,0.00,-1616.72,-1616.72,,,0.00,-430.67,-430.67,0.00,-515.10,19.73,19.73,0.00,15458.03,-82.52,4780.38,4862.90,,,-82.52,5686.53,5686.53,0.00,4010.54,1300.15,-306.47,-13.09,-13.09,0.00,ND,ND
2020-08,-5527.13,-9477.22,3950.09,15242.09,-82.04,-1793.43,-1711.38,,,-82.04,3008.72,3008.72,0.00,-307.72,14429.97,-263.52,168.07,168.07,0.00,-4379.85,0.00,-4511.01,-4511.01,,,0.00,-451.94,-451.94,0.00,496.42,86.68,86.68,0.00,19621.94,-82.04,2717.58,2799.63,,,-82.04,3460.66,3460.66,0.00,-804.14,14429.97,-263.52,81.39,81.39,0.00,ND,ND
2020-09,16194.50,2896.75,13297.75,17190.09,-79.40,3163.74,3243.13,,,-79.40,3995.15,3995.15,0.00,2386.25,7906.98,-281.05,19.02,19.02,0.00,-1957.50,0.00,-1218.32,-1218.32,,,0.00,-462.04,-462.04,0.00,-260.89,-16.26,-16.26,0.00,19147.59,-79.40,4382.05,4461.45,,,-79.40,4457.20,4457.20,0.00,2647.13,7906.98,-281.05,35.27,35.27,0.00,7990.50,7006.83
2020-10,4663.83,-4025.47,8689.31,1789.82,-131.34,149.38,280.72,,,-131.34,526.74,526.74,0.00,55.46,1050.56,-53.41,61.09,61.09,0.00,-1864.21,0.00,-1860.07,-1860.07,,,0.00,52.96,52.96,0.00,-143.00,85.90,85.90,0.00,3654.03,-131.34,2009.45,2140.79,,,-131.34,473.78,473.78,0.00,198.46,1050.56,-53.41,-24.81,-24.81,0.00,ND,ND
2020-11,3512.16,-6683.05,10195.22,15348.17,-127.10,12384.11,12511.21,,,-127.10,2650.24,2650.24,0.00,105.71,-85.58,-64.34,358.04,358.04,0.00,13297.08,0.00,12074.02,12074.02,,,0.00,45.68,45.68,0.00,779.05,398.32,398.32,0.00,2051.10,-127.10,310.09,437.19,,,-127.10,2604.56,2604.56,0.00,-673.34,-85.58,-64.34,-40.29,-40.29,0.00,ND,ND
2020-12,15047.57,2733.77,12313.81,25042.62,-127.68,23512.49,23640.17,,,-127.68,-402.77,-402.77,0.00,1069.57,612.11,-103.17,354.39,354.39,0.00,19404.44,0.00,18446.12,18446.12,,,0.00,53.68,53.68,0.00,523.31,381.34,381.34,0.00,5638.18,-127.68,5066.37,5194.05,,,-127.68,-456.45,-456.45,0.00,546.27,612.11,-103.17,-26.95,-26.95,0.00,-871.46,2000.16
2021-01,12134.80,-2968.03,15102.83,-4083.25,-2.56,-28416.19,-28413.62,,,-2.56,5219.13,5219.13,0.00,-1595.43,21197.05,-53.22,-434.58,-434.58,0.00,-34875.00,0.00,-32210.17,-32210.17,,,0.00,-524.46,-524.46,0.00,-1602.15,-538.21,-538.21,0.00,30791.75,-2.56,3793.99,3796.55,,,-2.56,5743.59,5743.59,0.00,6.71,21197.05,-53.22,103.63,103.63,0.00,ND,ND
2021-02,17778.48,2818.62,14959.86,-9394.89,0.99,-15383.56,-15384.55,,,0.99,-2227.89,-2227.89,0.00,3023.38,5641.54,-71.01,-377.35,-377.35,0.00,-16670.55,0.00,-15484.73,-15484.73,,,0.00,-499.47,-499.47,0.00,-346.54,-339.80,-339.80,0.00,7275.66,0.99,101.17,100.18,,,0.99,-1728.42,-1728.42,0.00,3369.92,5641.54,-71.01,-37.55,-37.55,0.00,ND,ND
2021-03,12058.66,-2419.13,14477.79,-4183.25,1.10,-8614.74,-8615.84,,,1.10,6150.26,6150.26,0.00,-3588.76,2283.42,-100.46,-312.97,-312.97,0.00,-11917.56,0.00,-9988.11,-9988.11,,,0.00,-472.85,-472.85,0.00,-1196.98,-259.62,-259.62,0.00,7734.31,1.10,1373.36,1372.26,,,1.10,6623.11,6623.11,0.00,-2391.77,2283.42,-100.46,-53.36,-53.36,0.00,8282.11,5435.65
2021-04,16464.56,-439.94,16904.50,18896.54,-51.87,10451.04,10502.91,,,-51.87,7155.54,7155.54,0.00,474.38,1111.06,-221.01,-74.48,-74.48,0.00,1649.10,0.00,2466.82,2466.82,,,0.00,-2.03,-2.03,0.00,-759.05,-56.65,-56.65,0.00,17247.44,-51.87,7984.22,8036.08,,,-51.87,7157.57,7157.57,0.00,1233.43,1111.06,-221.01,-17.83,-17.83,0.00,ND,ND
2021-05,27625.52,7829.21,19796.31,42032.19,-53.59,28890.50,28944.09,,,-53.59,2621.82,2621.82,0.00,9096.89,1488.46,-213.87,148.40,148.40,0.00,19740.65,0.00,17866.49,17866.49,,,0.00,-52.31,-52.31,0.00,1782.26,144.20,144.20,0.00,22291.55,-53.59,11024.00,11077.60,,,-53.59,2674.13,2674.13,0.00,7314.63,1488.46,-213.87,4.20,4.20,0.00,ND,ND
2021-06,21604.61,9136.04,12468.57,31144.49,-51.87,28168.16,28220.03,,,-51.87,1947.25,1947.25,0.00,-89.51,1215.83,-216.35,119.11,119.11,0.00,18960.78,0.00,18765.68,18765.68,,,0.00,-86.66,-86.66,0.00,158.04,123.72,123.72,0.00,12183.71,-51.87,9402.48,9454.34,,,-51.87,2033.91,2033.91,0.00,-247.55,1215.83,-216.35,-4.60,-4.60,0.00,120.32,11502.01
2021-07,18247.91,5792.42,12455.50,12871.98,-61.40,10158.97,10220.37,,,-61.40,-790.62,-790.62,0.00,2207.25,1448.49,-134.04,-18.07,-18.07,0.00,4746.93,0.00,4515.72,4515.72,,,0.00,-333.46,-333.46,0.00,569.61,-4.94,-4.94,0.00,8125.05,-61.40,5643.25,5704.65,,,-61.40,-457.16,-457.16,0.00,1637.64,1448.49,-134.04,-13.13,-13.13,0.00,ND,ND
2021-08,16997.56,4556.01,12441.56,36930.24,-61.40,18293.76,18355.17,,,-61.40,95.16,95.16,0.00,4472.74,14051.10,-141.69,159.16,159.16,0.00,9629.60,0.00,9216.55,9216.55,,,0.00,-376.08,-376.08,0.00,706.35,82.78,82.78,0.00,27300.64,-61.40,9077.22,9138.62,,,-61.40,471.24,471.24,0.00,3766.39,14051.10,-141.69,76.39,76.39,0.00,ND,ND
2021-09,24231.40,10553.95,13677.45,25215.02,-58.76,12278.64,12337.40,,,-58.76,3247.70,3247.70,0.00,2886.72,6985.48,-196.51,12.99,12.99,0.00,5255.42,0.00,5595.68,5595.68,,,0.00,-399.01,-399.01,0.00,79.97,-21.21,-21.21,0.00,19959.60,-58.76,6682.96,6741.72,,,-58.76,3646.71,3646.71,0.00,2806.76,6985.48,-196.51,34.20,34.20,0.00,6792.11,8579.06
2021-10,17694.98,7710.69,9984.29,14191.98,-38.18,14662.55,14700.74,,,-38.18,-3041.53,-3041.53,0.00,1378.65,1328.13,-190.49,54.67,54.67,0.00,9374.81,0.00,9843.87,9843.87,,,0.00,-941.54,-941.54,0.00,392.45,80.03,80.03,0.00,4817.17,-38.18,4818.69,4856.87,,,-38.18,-2100.00,-2100.00,0.00,986.20,1328.13,-190.49,-25.36,-25.36,0.00,ND,ND
2021-11,28034.36,13603.63,14430.73,41121.58,-36.31,38226.28,38262.60,,,-36.31,-1459.94,-1459.94,0.00,5251.50,-1036.91,-252.88,393.54,393.54,0.00,34456.43,0.00,33480.05,33480.05,,,0.00,-972.80,-972.80,0.00,1515.37,433.81,433.81,0.00,6665.15,-36.31,4746.23,4782.54,,,-36.31,-487.14,-487.14,0.00,3736.13,-1036.91,-252.88,-40.27,-40.27,0.00,ND,ND
2021-12,24951.63,9480.47,15471.16,33081.84,-38.29,31012.38,31050.67,,,-38.29,-1084.63,-1084.63,0.00,3414.80,-346.25,-233.80,319.35,319.35,0.00,25303.32,0.19,24846.25,24846.06,,,0.19,-971.43,-971.43,0.00,1080.10,348.40,348.40,0.00,7778.52,-38.48,6166.13,6204.61,,,-38.48,-113.20,-113.20,0.00,2334.70,-346.25,-233.80,-29.05,-29.05,0.00,-2009.55,4612.49
2022-01,17527.71,9256.92,8270.79,-823.10,-53.37,-17713.70,-17660.33,,,-53.37,-2519.59,-2519.59,0.00,2065.28,18013.08,-208.92,-459.26,-459.26,0.00,-24109.01,3.94,-22909.91,-22913.85,,,3.94,-361.71,-361.71,0.00,-273.66,-563.74,-563.74,0.00,23285.91,-57.31,5196.20,5253.52,,,-57.31,-2157.88,-2157.88,0.00,2338.94,18013.08,-208.92,104.48,104.48,0.00,ND,ND
2022-02,31681.51,11043.25,20638.26,5543.08,-48.90,-2195.45,-2146.55,,,-48.90,2649.83,2649.83,0.00,5631.64,109.24,-300.68,-351.49,-351.49,0.00,-8001.66,3.73,-7026.98,-7030.72,,,3.73,-329.09,-329.09,0.00,-330.72,-314.87,-314.87,0.00,13544.74,-52.63,4831.54,4884.17,,,-52.63,2978.91,2978.91,0.00,5962.36,109.24,-300.68,-36.62,-36.62,0.00,ND,ND
2022-03,38667.42,23038.57,15628.86,23698.83,-50.84,23617.03,23667.87,,,-50.84,-7398.68,-7398.68,0.00,7518.72,477.10,-209.58,-305.78,-305.78,0.00,14233.09,4.27,13978.86,13974.58,,,4.27,-287.58,-287.58,0.00,794.80,-252.99,-252.99,0.00,9465.74,-55.11,9638.18,9693.29,,,-55.11,-7111.10,-7111.10,0.00,6723.92,477.10,-209.58,-52.79,-52.79,0.00,4680.11,5950.72
2022-04,28348.20,13797.30,14550.90,30829.52,59.87,25177.29,25117.42,,,59.87,-2204.62,-2204.62,0.00,8978.02,-765.92,-280.43,-74.82,-74.82,0.00,15775.79,8.76,15695.77,15687.01,,,8.76,-427.56,-427.56,0.00,564.00,-56.42,-56.42,0.00,15053.73,51.11,9481.52,9430.41,,,51.11,-1777.05,-1777.05,0.00,8414.02,-765.92,-280.43,-18.40,-18.40,0.00,ND,ND
2022-05,26748.69,9612.09,17136.60,41513.54,65.28,24849.54,24784.26,,,65.28,-1994.36,-1994.36,0.00,16619.64,2172.58,-285.46,151.62,151.62,0.00,21315.62,9.20,20142.89,20133.69,,,9.20,-491.59,-491.59,0.00,1519.64,144.68,144.68,0.00,20197.92,56.08,4706.65,4650.57,,,56.08,-1502.78,-1502.78,0.00,15100.00,2172.58,-285.46,6.93,6.93,0.00,ND,ND
2022-06,33430.10,14434.39,18995.71,44777.65,69.15,34119.46,34050.30,,,69.15,-1462.01,-1462.01,0.00,11525.29,737.87,-287.92,144.97,144.97,0.00,25656.88,8.99,25253.29,25244.29,,,8.99,-536.21,-536.21,0.00,790.85,148.96,148.96,0.00,19120.77,60.16,8866.17,8806.01,,,60.16,-925.80,-925.80,0.00,10734.44,737.87,-287.92,-3.99,-3.99,0.00,-1149.50,11547.89
2022-07,26697.35,12290.68,14406.66,20242.90,275.72,10487.24,10211.52,,,275.72,-1984.75,-1984.75,0.00,11699.24,386.51,-304.97,-40.38,-40.38,0.00,10863.97,12.38,9815.69,9803.32,,,12.38,-174.38,-174.38,0.00,1250.26,-27.60,-27.60,0.00,9378.93,263.35,671.55,408.21,,,263.35,-1810.37,-1810.37,0.00,10448.98,386.51,-304.97,-12.78,-12.78,0.00,ND,ND
2022-08,27562.84,14977.25,12585.59,46567.55,281.71,25363.44,25081.73,,,281.71,-1265.80,-1265.80,0.00,8666.04,13987.86,-344.52,160.54,160.54,0.00,19906.66,12.47,19134.76,19122.29,,,12.47,-200.09,-200.09,0.00,884.77,87.22,87.22,0.00,26660.89,269.24,6228.68,5959.44,,,269.24,-1065.71,-1065.71,0.00,7781.26,13987.86,-344.52,73.31,73.31,0.00,ND,ND
2022-09,27580.60,9527.39,18053.21,28462.11,270.60,8859.44,8588.84,,,270.60,721.76,721.76,0.00,11581.59,7659.49,-358.79,-1.36,-1.36,0.00,3884.89,11.91,3608.38,3596.47,,,11.91,-195.67,-195.67,0.00,507.92,-35.74,-35.74,0.00,24577.23,258.69,5251.06,4992.37,,,258.69,917.42,917.42,0.00,11073.67,7659.49,-358.79,34.38,34.38,0.00,5911.67,10570.67
2022-10,35160.73,14000.52,21160.21,31464.44,239.87,17635.39,17395.53,,,239.87,1937.65,1937.65,0.00,5218.64,6865.47,-249.15,56.44,56.44,0.00,15478.43,9.25,14215.56,14206.30,,,9.25,196.66,196.66,0.00,983.65,82.57,82.57,0.00,15986.01,230.61,3419.84,3189.22,,,230.61,1740.99,1740.99,0.00,4235.00,6865.47,-249.15,-26.13,-26.13,0.00,ND,ND
2022-11,32734.41,15581.38,17153.03,47317.32,230.17,32419.58,32189.41,,,230.17,1239.70,1239.70,0.00,7581.21,6078.87,-415.66,413.62,413.62,0.00,37429.77,8.80,34888.44,34879.64,,,8.80,164.76,164.76,0.00,1922.96,453.60,453.60,0.00,9887.55,221.37,-2468.86,-2690.23,,,221.37,1074.94,1074.94,0.00,5658.25,6078.87,-415.66,-39.99,-39.99,0.00,ND,ND
2022-12,19366.80,11518.83,7847.97,25912.52,225.13,23004.12,22778.99,,,225.13,-100.59,-100.59,0.00,7586.60,-4764.81,-104.76,291.97,291.97,0.00,26644.14,8.88,24716.89,24708.01,,,8.88,177.72,177.72,0.00,1427.38,322.15,322.15,0.00,-731.62,216.25,-1712.78,-1929.02,,,216.25,-278.31,-278.31,0.00,6159.22,-4764.81,-104.76,-30.18,-30.18,0.00,775.14,7526.76
2023-01,20966.27,10406.95,10559.32,2615.45,20.59,-20314.92,-20335.52,,,20.59,844.39,844.39,0.00,3347.69,19207.18,-23.57,-445.32,-445.32,0.00,-22958.99,5.38,-21877.21,-21882.59,,,5.38,-579.68,-579.68,0.00,49.46,-551.56,-551.56,0.00,25574.44,15.21,1562.28,1547.07,,,15.21,1424.07,1424.07,0.00,3298.23,19207.18,-23.57,106.24,106.24,0.00,ND,ND
2023-02,11264.29,3366.09,7898.21,-14874.13,7.11,-13489.94,-13497.05,,,7.11,-173.99,-173.99,0.00,1883.86,-2711.27,-31.30,-351.49,-351.49,0.00,-15678.82,4.67,-14641.27,-14645.94,,,4.67,-553.04,-553.04,0.00,-169.64,-314.87,-314.87,0.00,804.69,2.45,1151.34,1148.89,,,2.45,379.05,379.05,0.00,2053.50,-2711.27,-31.30,-36.62,-36.62,0.00,ND,ND
2023-03,19664.37,13714.51,5949.86,4695.77,7.54,3476.10,3468.56,,,7.54,2647.40,2647.40,0.00,3052.15,-4158.10,-16.00,-305.78,-305.78,0.00,4909.03,5.12,5612.61,5607.49,,,5.12,-497.79,-497.79,0.00,47.20,-252.99,-252.99,0.00,-213.26,2.42,-2136.51,-2138.93,,,2.42,3145.19,3145.19,0.00,3004.94,-4158.10,-16.00,-52.79,-52.79,0.00,3614.16,5635.31
2023-04,13670.40,13514.68,155.71,16151.72,0.90,16025.70,16024.80,,,0.90,2257.48,2257.48,0.00,4069.24,-6034.18,-91.70,-74.82,-74.82,0.00,15493.18,4.01,14517.34,14513.33,,,4.01,103.17,103.17,0.00,929.09,-56.42,-56.42,0.00,658.54,-3.11,1508.36,1511.47,,,-3.11,2154.30,2154.30,0.00,3140.16,-6034.18,-91.70,-18.40,-18.40,0.00,ND,ND
2023-05,-805.08,7922.69,-8727.77,13959.78,0.58,12497.57,12496.98,,,0.58,4278.42,4278.42,0.00,84.71,-2790.51,-262.03,151.62,151.62,0.00,19626.23,4.09,18501.79,18497.70,,,4.09,55.14,55.14,0.00,924.61,144.68,144.68,0.00,-5666.45,-3.51,-6004.22,-6000.72,,,-3.51,4223.28,4223.28,0.00,-839.90,-2790.51,-262.03,6.93,6.93,0.00,ND,ND
2023-06,12808.22,-1070.50,13878.72,24155.76,9.85,5987.07,5977.22,,,9.85,13932.82,13932.82,0.00,4840.38,-718.79,-30.67,144.97,144.97,0.00,10151.98,3.78,9480.78,9477.00,,,3.78,-13.50,-13.50,0.00,535.75,148.96,148.96,0.00,14003.78,6.07,-3493.72,-3499.78,,,6.07,13946.32,13946.32,0.00,4304.63,-718.79,-30.67,-3.99,-3.99,0.00,-3298.43,6253.65
2023-07,13243.01,10714.66,2528.36,6788.56,192.81,2456.05,2263.24,,,192.81,4429.54,4429.54,0.00,3939.79,-3247.38,-749.05,-40.38,-40.38,0.00,9287.94,0.51,7724.18,7723.67,,,0.51,-90.20,-90.20,0.00,1681.56,-27.60,-27.60,0.00,-2499.38,192.30,-5268.13,-5460.43,,,192.30,4519.73,4519.73,0.00,2258.22,-3247.38,-749.05,-12.78,-12.78,0.00,ND,ND
2023-08,-12361.35,16945.89,-29307.24,6643.36,202.09,25309.33,25107.23,,,202.09,4995.40,4995.40,0.00,3361.88,-27091.43,-92.35,160.54,160.54,0.00,21875.30,0.34,21168.85,21168.51,,,0.34,-125.70,-125.70,0.00,744.93,87.22,87.22,0.00,-15231.94,201.76,4140.48,3938.72,,,201.76,5121.10,5121.10,0.00,2616.95,-27091.43,-92.35,73.31,73.31,0.00,ND,ND
2023-09,12224.90,4443.54,7781.36,13106.42,176.02,179.62,3.60,,,176.02,2769.83,2769.83,0.00,2582.24,7643.85,-67.76,-1.36,-1.36,0.00,-1198.96,0.29,-1093.84,-1094.14,,,0.29,-134.92,-134.92,0.00,65.55,-35.74,-35.74,0.00,14305.38,175.72,1273.46,1097.74,,,175.72,2904.75,2904.75,0.00,2516.69,7643.85,-67.76,34.38,34.38,0.00,-9277.65,6780.47
2023-10,5134.22,2878.75,2255.48,1437.93,0.00,-1109.35,-1109.35,,,0.00,2367.09,2367.09,0.00,2194.65,-1868.25,-202.65,56.44,56.44,0.00,4356.66,0.00,3118.64,3118.64,,,0.00,4.28,4.28,0.00,1151.17,82.57,82.57,0.00,-2918.73,0.00,-4227.99,-4227.99,,,0.00,2362.81,2362.81,0.00,1043.47,-1868.25,-202.65,-26.13,-26.13,0.00,,